<?xml version="1.0" encoding="UTF-8"?>
<metadata xml:lang="es"><Esri><CreaDate>20200908</CreaDate><CreaTime>13225300</CreaTime><ArcGISFormat>1.0</ArcGISFormat><SyncOnce>TRUE</SyncOnce><DataProperties><lineage><Process ToolSource="c:\program files (x86)\arcgis\desktop10.2\ArcToolbox\Toolboxes\Conversion Tools.tbx\RasterToASCII" Date="20200908" Time="132253">RasterToASCII bio_07 C:\project_sigs\Piaya\modelos\piaya_mexicana\M\Set_1\bio_07.asc</Process></lineage></DataProperties></Esri></metadata>
