<?xml version="1.0" encoding="UTF-8"?>
<metadata xml:lang="es"><Esri><CreaDate>20200905</CreaDate><CreaTime>21351400</CreaTime><ArcGISFormat>1.0</ArcGISFormat><SyncOnce>TRUE</SyncOnce><DataProperties><lineage><Process ToolSource="c:\program files (x86)\arcgis\desktop10.2\ArcToolbox\Toolboxes\Conversion Tools.tbx\RasterToASCII" Date="20200905" Time="213514">RasterToASCII C:\project_sigs\Piaya\capas_clima\holocen_miroc\bio_12 C:\project_sigs\Piaya\capas_clima\ascii\holocen_miroc\bio_12.asc</Process></lineage></DataProperties></Esri></metadata>
