<?xml version="1.0" encoding="UTF-8"?>
<metadata xml:lang="es"><Esri><CreaDate>20200905</CreaDate><CreaTime>21594600</CreaTime><ArcGISFormat>1.0</ArcGISFormat><SyncOnce>TRUE</SyncOnce><DataProperties><lineage><Process ToolSource="c:\program files (x86)\arcgis\desktop10.2\ArcToolbox\Toolboxes\Conversion Tools.tbx\RasterToASCII" Date="20200905" Time="215946">RasterToASCII C:\project_sigs\Piaya\capas_clima\lig_ccsm\bio_07 C:\project_sigs\Piaya\capas_clima\ascii\lig_ccsm\bio_07.asc</Process></lineage></DataProperties></Esri></metadata>
